n_base,m_base,density,length,weight_mode,dist_type,dual2,n,dsrse_lp_adaptive_failed_solves,mu_pes_bound,cdsrse_lp_adaptive_failed_solves,dsrse_ratio,lp_orig,cdsrse_weight,cdsrse_ratio,dsrse_lp_adaptive_total_solves,dual1,opt_mc,cdsrse_lp_adaptive,sdp_orig,lp_cons,dsrse_lp_adaptive,alpha_pes_over_pstar,p_star,m,cdsrse_lp_adaptive_total_solves,dsrse_weight,alpha_pes,alpha_gap,alpha_pes_over_pstar_gap,lp_cons_gap,lp_orig_gap,sdp_orig_gap,dual1_gap,dual2_gap,mu_pes_bound_gap,cdsrse_w_gap,cdsrse_r_gap,dsrse_w_gap,dsrse_r_gap,cdsrse_lp_adaptive_gap,dsrse_lp_adaptive_gap,alpha_over_opt,alpha_pes_over_pstar_over_opt,lp_cons_over_opt,lp_orig_over_opt,sdp_orig_over_opt,dual1_over_opt,dual2_over_opt,mu_pes_bound_over_opt,cdsrse_w_over_opt,cdsrse_r_over_opt,dsrse_w_over_opt,dsrse_r_over_opt,cdsrse_lp_adaptive_over_opt,dsrse_lp_adaptive_over_opt
8,12,dense,short,uniform01,uniform,1.5088170308047686,8.0,0.0,2.171613419570093,0.0,1.0523190885388838,1.182687289592459,0.839569003393749,0.9211055743296435,39.5,1.6436015881093102,1.1039625741308363,0.9424004195563886,NaN,1.0763161262490117,1.0356899113635372,5.369881711887722,0.155,12.0,34.5,1.1039497733554997,0.822379190060204,0.25810419956634617,3.8750487144244863,0.06414532848160337,0.07049156431311465,NaN,0.4887319619257874,0.3677396271790915,0.973711658768175,0.23854971245867063,0.1661300184009164,1.1283076991053242e-5,0.04715394578580179,0.1473599539409295,0.06094205694477517,0.7449339400909252,4.864188186918834,0.9749570786821365,1.0713110365390817,NaN,1.4888200258086997,1.3667284255471064,1.9671078263498487,0.760504951043972,0.8343630444671927,0.9999884047017203,0.953219894585093,0.853652507466888,0.9381567234550038
